{"Player":{"Position":{"x":0.0,"y":0.0,"z":0.0},"Rotation":{"x":0.0,"y":0.0,"z":0.0,"w":0.0},"PosX":0.0,"PosY":0.0,"PosZ":0.0,"RotX":0.0,"RotY":0.0,"RotZ":0.0,"RotW":0.0,"Name":"Ares","ExcavationPerSecond":1.0,"ConstructionPerSecond":1.0,"PackData":{"Oxygen":{"Maximum":0.3887999951839447,"Current":0.3887999951839447,"ConsumptionPerSecond":0.0013135134940966964},"Power":{"Maximum":6000.0,"Current":6000.0,"ConsumptionPerSecond":13.513513565063477},"Water":{"Maximum":1.5,"Current":1.5,"ConsumptionPerSecond":0.0016435354482382537},"Food":{"Maximum":2400.0,"Current":2400.0,"ConsumptionPerSecond":1.3148282766342164}},"BankAccount":350000},"Bases":[{"Crates":[],"Habitats":[]}]}